{
	"format_version": "1.8.0",
	"animations": {
		"Walk": {
			"loop": true,
			"animation_length": 1,
			"bones": {
				"BackLeftLeg": {
					"rotation": {
						"0.0": [-12, 0, 0],
						"0.0833": [-12, 0, 0],
						"0.5": [10.5, 0, 0],
						"1.0": [-12, 0, 0]
					},
					"position": {
						"0.0": [0, -2.45, -2.45],
						"0.0833": [0, -2.45, -2.45],
						"0.5": [0, 3.1, 1.7],
						"1.0": [0, -2.45, -2.45]
					}
				},
				"BackRightLeg": {
					"rotation": {
						"0.0": [7.40687, -1.04917, -2.56741],
						"0.0833": [7.40687, -1.04917, -2.56741],
						"0.5": [-14.09313, -1.04917, -2.56741],
						"1.0": [7.40687, -1.04917, -2.56741]
					},
					"position": {
						"0.0": [0, -1.2, 0.975],
						"0.0833": [0, -1.2, 0.975],
						"0.5": [0, 6.975, 0.98],
						"1.0": [0, -1.2, 0.975]
					}
				},
				"RightLeg": {
					"rotation": {
						"0.0": [0, 0, 0],
						"0.0833": [0, 0, 0],
						"0.5": [-15, 0, 0],
						"1.0": [0, 0, 0]
					},
					"position": {
						"0.0": [0, 0, 0],
						"0.0833": [0, 0, 0],
						"0.5": [-1.875, -0.425, -3.1],
						"1.0": [0, 0, 0]
					}
				},
				"LeftLeg": {
					"rotation": {
						"0.0": [0, 0, 0],
						"0.0833": [0, 0, 0],
						"0.5": [-15, 0, 0],
						"1.0": [0, 0, 0]
					},
					"position": {
						"0.0": [0, 0, 0],
						"0.0833": [0, 0, 0],
						"0.5": [1.95, 3.25, -2.725],
						"1.0": [0, 0, 0]
					}
				},
				"Body": {
					"rotation": {
						"0.0": [0, 0, 0],
						"0.0833": [0, 0, 0],
						"0.5": [-2.5, 0, 0],
						"1.0": [0, 0, 0]
					},
					"position": {
						"0.0": [0, 0, 0],
						"0.0833": [0, 0, 0],
						"0.5": [0, 1.1, 0],
						"1.0": [0, 0, 0]
					}
				},
				"BackLegConnectors": {
					"rotation": {
						"0.0": [9.25, 0, 0],
						"0.5": [1, 0, 0],
						"1.0": [9.25, 0, 0]
					},
					"position": {
						"0.0": [0, -1.6, 3.1],
						"0.5": [0, 0.35, -0.475],
						"1.0": [0, -1.6, 3.1]
					}
				},
				"ShoulderBlades": {
					"rotation": {
						"0.0": [11, 0, 0],
						"0.5": [-16.75, 0, 0],
						"1.0": [11, 0, 0]
					},
					"position": {
						"0.0": [0, 0, 2.925],
						"0.5": [0, 0, -2.77],
						"1.0": [0, 0, 2.925]
					}
				}
			}
		},
		"Attack": {
			"loop": true,
			"animation_length": 1.125,
			"bones": {
				"RightLeg": {
					"rotation": {
						"0.0": [0, 0, 0],
						"0.3333": [-15.36, 0, 0],
						"0.75": [-16, 0, 0],
						"1.125": [0, 0, 0]
					},
					"position": {
						"0.0": [0, 0, 0],
						"0.3333": [-1.805, 4.6, -2.735],
						"0.75": [-1.875, 6.975, -1.475],
						"1.125": [0, 0, 0]
					}
				},
				"LeftLeg": {
					"rotation": {
						"0.0": [0, 0, 0],
						"0.3333": [-16.73887, 5.31305, 5.71697],
						"0.75": [-11.63183, 9.68708, 3.20542],
						"1.125": [0, 0, 0]
					},
					"position": {
						"0.0": [0, 0, 0],
						"0.3333": [0.945, 5.515, -2.8],
						"0.75": [1.625, 8.875, -3.15],
						"1.125": [0, 0, 0]
					}
				},
				"Body": {
					"rotation": {
						"0.0": [0, 0, 0],
						"0.75": [-20.25, 0, 0],
						"1.125": [0, 0, 0]
					},
					"position": {
						"0.0": [0, 0, 0],
						"0.75": [0, 6.45, -2],
						"1.125": [0, 0, 0]
					}
				},
				"ShoulderBlades": {
					"rotation": {
						"0.0": [0, 0, 0],
						"0.75": [-31, 0, 0],
						"1.125": [0, 0, 0]
					},
					"position": {
						"0.0": [0, 0, 0],
						"0.75": [0, 7.5, -5],
						"1.125": [0, 0, 0]
					}
				}
			}
		}
	}
}